{"cameraMode":{"drawMode":0,"name":"Shaded","section":"Shading Mode"},"sceneLighting":false,"audioPlay":false,"sceneViewState":{"m_AlwaysRefresh":false,"showFog":true,"showSkybox":false,"showFlares":true,"showImageEffects":true,"showParticleSystems":true,"showVisualEffectGraphs":true,"m_FxEnabled":true},"in2DMode":false,"pivot":{"x":-0.28093481063842776,"y":-0.1145104169845581,"z":0.43941283226013186},"rotation":{"x":-0.11852136254310608,"y":0.8522458076477051,"z":-0.21971213817596436,"w":-0.4597350060939789},"size":1.4361406564712525,"orthographic":false}