{"cameraMode":{"drawMode":0,"name":"Shaded","section":"Shading Mode"},"sceneLighting":true,"audioPlay":false,"sceneViewState":{"showFog":true,"showMaterialUpdate":false,"showSkybox":true,"showFlares":true,"showImageEffects":true,"showParticleSystems":true},"in2DMode":false,"pivot":{"x":-0.10408435761928559,"y":0.3162285387516022,"z":-0.8688802719116211},"rotation":{"x":-0.004810302518308163,"y":0.0020969847682863476,"z":-0.000009784070243767928,"w":-0.9999911189079285},"size":0.4753490686416626,"orthographic":false}